item,friedman_chi2,friedman_p
ease,55.251101321585864,1.005485445397365e-12
fun,33.789954337899495,4.59837773506117e-08
helpful,55.707762557077615,8.002267430898572e-13
useful,54.504587155963286,1.4604250711174972e-12
