favorite,proportion
List,0.6176470588235294
Single,0.08823529411764706
Multi,0.29411764705882354
