real,proportion
List,0.7941176470588235
Single,0.07352941176470588
Multi,0.1323529411764706
